status	local_id	rom	local_titles	official_title	genre	maker	releases	first_release_date	suggested_title	suggestion_score
official_exact	2020-super-baseball-2020bb	2020bb.zip	2020年スーパーベースボール | 2020 Super Baseball	2020年スーパーベースボール	スポーツ	SNK	ＭＶＳカートリッジ ：1991/09/20 | ＮＥＯＧＥＯ ＲＯＭ：1991/10/25 | ＮＥＯＧＥＯ ＣＤ　：1995/02/25	1991-09-20		
official_exact	3-count-bout-fire-suplex-3countb	3countb.zip	ファイヤースープレックス | 3 Count Bout / Fire Suplex	ファイヤー・スープレックス	格闘プロレス	SNK	ＭＶＳカートリッジ ：1993/03/25 | ＮＥＯＧＥＯ ＲＯＭ：1993/04/23 | ＮＥＯＧＥＯ ＣＤ　：1995/04/21	1993-03-25		
official_exact	aero-fighters-2-sonic-wings-2-sonicwi2	sonicwi2.zip	ソニックウィングス2 | Aero Fighters 2 / Sonic Wings 2	ソニックウィングス2	縦スクロールシューティング	ビデオシステム	ＭＶＳカートリッジ ：1994/07/18 | ＮＥＯＧＥＯ ＲＯＭ：1994/08/26 | ＮＥＯＧＥＯ ＣＤ　：1994/09/29	1994-07-18		
official_exact	aero-fighters-3-sonic-wings-3-sonicwi3	sonicwi3.zip	ソニックウィングス3 | Aero Fighters 3 / Sonic Wings 3	ソニックウィングス3	縦スクロールアクション	ビデオシステム	ＭＶＳカートリッジ ：1995/10/12 | ＮＥＯＧＥＯ ＲＯＭ：1995/11/17 | ＮＥＯＧＥＯ ＣＤ　：1995/12/08	1995-10-12		
official_alias	aggressors-of-dark-kombat-tsuukai-gangan-koushinkyoku-aodk	aodk.zip	痛快GANGAN行進曲 | Aggressors of Dark Kombat / Tsuukai GANGAN Koushinkyoku | 痛快ガンガン行進曲	痛快ガンガン行進曲	格闘アクション	ADK	ＭＶＳカートリッジ ：1994/07/26 | ＮＥＯＧＥＯ ＲＯＭ：1994/08/26 | ＮＥＯＧＥＯ ＣＤ　：1995/01/13	1994-07-26		
official_exact	alpha-mission-ii-aso-ii-last-guardian-alpham2	alpham2.zip	ASO II ラストガーディアン | Alpha Mission II / ASO II - Last Guardian	ASOII －ラストガーディアン－	シューティング	SNK	ＭＶＳカートリッジ ：1991/03/25 | ＮＥＯＧＥＯ ＲＯＭ：1991/07/01 | ＮＥＯＧＥＯ ＣＤ　：1994/09/09	1991-03-25		
official_exact	art-of-fighting-2-ryuuko-no-ken-2-aof2	aof2.zip	龍虎の拳2 | Art of Fighting 2 / Ryuuko no Ken 2	龍虎の拳2	格闘アクション	SNK	ＭＶＳカートリッジ ：1994/02/03 | ＮＥＯＧＥＯ ＲＯＭ：1994/03/11 | ＮＥＯＧＥＯ ＣＤ　：1994/09/09	1994-02-03		
official_alias	art-of-fighting-3-the-path-of-the-warrior-art-of-fighting-ryuuko-no-ken-gaiden-aof3	aof3.zip	ART OF FIGHTING 龍虎の拳外伝 | Art of Fighting 3 - The Path of the Warrior / Art of Fighting - Ryuuko no Ken Gaiden	ART OF FIGHTING 龍虎の拳 外伝	格闘アクション	SNK	ＭＶＳカートリッジ ：1996/03/12 | ＮＥＯＧＥＯ ＲＯＭ：1996/04/26 | ＮＥＯＧＥＯ ＣＤ　：1996/06/14	1996-03-12		
official_exact	art-of-fighting-ryuuko-no-ken-aof	aof.zip	龍虎の拳 | Art of Fighting / Ryuuko no Ken	龍虎の拳	格闘アクション	SNK	ＭＶＳカートリッジ ：1992/09/24 | ＮＥＯＧＥＯ ＲＯＭ：1992/12/11 | ＮＥＯＧＥＯ ＣＤ　：1994/09/09	1992-09-24		
official_exact	bakatonosama-mahjong-manyuuki-bakatono	bakatono.zip	バカ殿様麻雀漫遊記 | Bakatonosama Mahjong Manyuuki	バカ殿様麻雀漫遊記	麻雀	モノリス	ＭＶＳカートリッジ ：1991/11 | ＮＥＯＧＥＯ ＲＯＭ：1991/12/13	1991-11		
review_local_only	bang-bead-bangbead	bangbead.zip	Bang Bead							
official_exact	baseball-stars-2-bstars2	bstars2.zip	ベースボールスターズ2 | Baseball Stars 2	ベースボールスターズ2	スポーツ	SNK	ＭＶＳカートリッジ ：1992/04/15 | ＮＥＯＧＥＯ ＲＯＭ：1992/04/28 | ＮＥＯＧＥＯ ＣＤ　：1994/09/09	1992-04-15		
official_exact	baseball-stars-professional-bstars	bstars.zip	ベースボールスターズプロフェッショナル | Baseball Stars Professional	ベースボールスターズプロフェッショナル	スポーツ	SNK	ＭＶＳカートリッジ ：1990/04/26 | ＮＥＯＧＥＯ ＲＯＭ：1991/07/01 | ＮＥＯＧＥＯ ＣＤ　：1995/04/21	1990-04-26		
official_alias	battle-flip-shot-flipshot	flipshot.zip	Battle Flip Shot | フリップショット	フリップショット	アクション	ビスコ	ＭＶＳカートリッジ ：1998/12/08	1998-12-08		
official_exact	blazing-star-blazstar	blazstar.zip	ブレイジングスター | Blazing Star	ブレイジングスター	シューティング	夢工房	ＭＶＳカートリッジ ：1998/01/19 | ＮＥＯＧＥＯ ＲＯＭ：1998/02/26	1998-01-19		
official_exact	blue-s-journey-raguy-bjourney	bjourney.zip	ラギ | Blue's Journey / Raguy	ラギ	アクション	ADK	ＭＶＳカートリッジ ：1991/03/14 | ＮＥＯＧＥＯ ＲＯＭ：1991/07/01 | ＮＥＯＧＥＯ ＣＤ　：1994/10/31	1991-03-14		
official_exact	breakers-breakers	breakers.zip	ブレイカーズ | Breakers	ブレイカーズ	格闘アクション	ビスコ	ＭＶＳカートリッジ ：1996/12/17 | ＮＥＯＧＥＯ ＲＯＭ：1997/03/21 | ＮＥＯＧＥＯ ＣＤ　：1997/04/25	1996-12-17		
official_exact	breakers-revenge-breakrev	breakrev.zip	ブレイカーズリベンジ | Breakers Revenge	ブレイカーズ・リベンジ	格闘アクション	ビスコ	ＭＶＳカートリッジ ：1998/07/03 | ＮＥＯＧＥＯ ＲＯＭ：　	1998-07-03		
official_exact	burning-fight-burningf	burningf.zip	バーニングファイト | Burning Fight	バーニングファイト	アクション	SNK	ＭＶＳカートリッジ ：1991/05/20 | ＮＥＯＧＥＯ ＲＯＭ：1991/08/09 | ＮＥＯＧＥＯ ＣＤ　：1994/09/09	1991-05-20		
official_exact	captain-tomaday-ctomaday	ctomaday.zip	キャプテン・トマディ | Captain Tomaday	キャプテン・トマディ	シューティング	ビスコ	ＭＶＳカートリッジ ：1999/05/27	1999-05-27		
official_alias	chibi-maruko-chan-maruko-deluxe-quiz-marukodq	marukodq.zip	ちびまる子ちゃん まる子デラックスクイズ | Chibi Maruko-chan: Maruko Deluxe Quiz | まる子デラックスクイズ	まる子デラックスクイズ	バラエティ	タカラ	ＭＶＳカートリッジ ：1995/11/27 | ＮＥＯＧＥＯ ＲＯＭ：1996/01/26	1995-11-27		
official_alias	crossed-swords-crsword	crsword.zip	クロスソード | Crossed Swords | クロススウォード	クロススウォード	アクション	ADK	ＭＶＳカートリッジ ：1991/07/25 | ＮＥＯＧＥＯ ＲＯＭ：1991/10/01 | ＮＥＯＧＥＯ ＣＤ　：1994/10/31	1991-07-25		
official_exact	cyber-lip-cyberlip	cyberlip.zip	サイバーリップ | Cyber-Lip	サイバーリップ	アクション	SNK	ＭＶＳカートリッジ ：1990/11/07 | ＮＥＯＧＥＯ ＲＯＭ：1991/07/01 | ＮＥＯＧＥＯ ＣＤ　：1995/04/21	1990-11-07		
official_exact	double-dragon-doubledr	doubledr.zip	ダブルドラゴン | Double Dragon	ダブルドラゴン	格闘アクション	テクノスジャパン	ＭＶＳカートリッジ ：1995/03/03 | ＮＥＯＧＥＯ ＲＯＭ：1995/03/31 | ＮＥＯＧＥＯ ＣＤ　：1995/06/02	1995-03-03		
official_exact	eight-man-eightman	eightman.zip	エイトマン | Eight Man	エイトマン	アクション	SNK	ＮＥＯＧＥＯ ＲＯＭ：1991/11/20	1991-11-20		
official_exact	far-east-of-eden-kabuki-klash-tengai-makyou-shin-den-kabukikl	kabukikl.zip	天外魔境 真伝 | Far East of Eden - Kabuki Klash / Tengai Makyou - Shin Den	天外魔境～真伝～	格闘アクション	ハドソン	ＭＶＳカートリッジ ：1995/06/20 | ＮＥＯＧＥＯ ＲＯＭ：1995/07/28 | ＮＥＯＧＥＯ ＣＤ　：1995/11/24	1995-06-20		
official_exact	fatal-fury-2-garou-densetsu-2-arata-naru-tatakai-fatfury2	fatfury2.zip	餓狼伝説2 新たなる闘い | Fatal Fury 2 / Garou Densetsu 2 - Arata-naru Tatakai	餓狼伝説2 －新たなる闘い－	格闘アクション	SNK	ＭＶＳカートリッジ ：1992/12/10 | ＮＥＯＧＥＯ ＲＯＭ：1993/03/05 | ＮＥＯＧＥＯ ＣＤ　：1994/09/09	1992-12-10		
official_alias	fatal-fury-3-road-to-the-final-victory-garou-densetsu-3-haruka-naru-tatakai-fatfury3	fatfury3.zip	餓狼伝説3 遥かなる闘い | Fatal Fury 3 - Road to the Final Victory / Garou Densetsu 3 - Haruka-naru Tatakai | 餓狼伝説3　－遙かなる闘い－	餓狼伝説3　－遙かなる闘い－	格闘アクション	SNK	ＭＶＳカートリッジ ：1995/03/27 | ＮＥＯＧＥＯ ＲＯＭ：1995/04/21 | ＮＥＯＧＥＯ ＣＤ　：1995/04/28	1995-03-27		
official_exact	fatal-fury-king-of-fighters-garou-densetsu-shukumei-no-tatakai-fatfury1	fatfury1.zip	餓狼伝説 宿命の闘い | Fatal Fury - King of Fighters / Garou Densetsu - Shukumei no Tatakai	餓狼伝説 －宿命の闘い－	格闘アクション	SNK	ＭＶＳカートリッジ ：1991/11/25 | ＮＥＯＧＥＯ ＲＯＭ：1991/12/20 | ＮＥＯＧＥＯ ＣＤ　：1994/09/09	1991-11-25		
official_exact	fatal-fury-special-garou-densetsu-special-fatfursp	fatfursp.zip	餓狼伝説スペシャル | Fatal Fury Special / Garou Densetsu Special	餓狼伝説スペシャル	格闘アクション	SNK	ＭＶＳカートリッジ ：1993/09/16 | ＮＥＯＧＥＯ ＲＯＭ：1993/12/22 | ＮＥＯＧＥＯ ＣＤ　：1994/09/09	1993-09-16		
official_alias	fight-fever-wang-jung-wang-fightfev	fightfev.zip	Fight Fever / Wang Jung Wang | ファイトフィーバー	ファイトフィーバー	格闘アクション	ビッコム	ＭＶＳカートリッジ ：1994/06/28	1994-06-28		
official_exact	football-frenzy-fbfrenzy	fbfrenzy.zip	フットボールフレンジー | Football Frenzy	フットボールフレンジー	スポーツ	SNK	ＭＶＳカートリッジ ：1992/01/31 | ＮＥＯＧＥＯ ＲＯＭ：1992/02/21 | ＮＥＯＧＥＯ ＣＤ　：1994/09/09	1992-01-31		
official_exact	galaxy-fight-universal-warriors-galaxyfg	galaxyfg.zip	ギャラクシーファイト | Galaxy Fight - Universal Warriors	ギャラクシーファイト	格闘アクション	サンソフト	ＭＶＳカートリッジ ：1995/01/24 | ＮＥＯＧＥＯ ＲＯＭ：1995/02/25 | ＮＥＯＧＥＯ ＣＤ　：1995/04/21	1995-01-24		
review_local_only	ganryu-musashi-ganryuki-ganryu	ganryu.zip	武蔵巌流記 | Ganryu / Musashi Ganryuki							
official_exact	garou-mark-of-the-wolves-garou	garou.zip	餓狼 MARK OF THE WOLVES | Garou - Mark of the Wolves	餓狼 MARK OF THE WOLVES	格闘アクション	SNK	ＭＶＳカートリッジ ：1999/11/26 | ＮＥＯＧＥＯ ＲＯＭ：2000/02/25	1999-11-26		
official_exact	ghost-pilots-gpilots	gpilots.zip	ゴーストパイロット | Ghost Pilots	ゴーストパイロット	シューティング	SNK	ＭＶＳカートリッジ ：1991/01/25 | ＮＥＯＧＥＯ ＲＯＭ：1991/07/01 | ＮＥＯＧＥＯ ＣＤ　：1995/03/17	1991-01-25		
review_local_only	goal-goal-goal-goalx3	goalx3.zip	ゴール!ゴール!ゴール! | Goal! Goal! Goal!							
official_exact	gururin-gururin	gururin.zip	ぐるりん | Gururin	ぐるりん	パズル	フェイス	ＭＶＳカートリッジ ：1994/05/25	1994-05-25		
official_exact	janshin-densetsu-quest-of-jongmaster-janshin	janshin.zip	雀神伝説 | Janshin Densetsu - Quest of Jongmaster	雀神伝説	麻雀	エイコム	ＭＶＳカートリッジ ：1994/06/29 | ＮＥＯＧＥＯ ＣＤ　：1995/03/31	1994-06-29		
review_local_only	jockey-grand-prix-jockeygp	jockeygp.zip	Jockey Grand Prix							
official_exact	karnov-s-revenge-fighter-s-history-dynamite-karnovr	karnovr.zip	ファイターズヒストリーダイナマイト | Karnov's Revenge / Fighter's History Dynamite	ファイターズヒストリーダイナマイト	格闘アクション	データイースト	ＭＶＳカートリッジ ：1994/03/17 | ＮＥＯＧＥＯ ＲＯＭ：1994/04/28 | ＮＥＯＧＥＯ ＣＤ　：1994/12/22	1994-03-17		
official_exact	king-of-the-monsters-2-the-next-thing-kotm2	kotm2.zip	キング・オブ・ザ・モンスターズ2 | King of the Monsters 2 - The Next Thing	キング・オブ・ザ・モンスターズ2	格闘アクション	SNK	ＭＶＳカートリッジ ：1992/05/25 | ＮＥＯＧＥＯ ＲＯＭ：1992/06/19 | ＮＥＯＧＥＯ ＣＤ　：1994/09/09	1992-05-25		
official_exact	king-of-the-monsters-kotm	kotm.zip	キング・オブ・ザ・モンスターズ | King of the Monsters	キング・オブ・ザ・モンスターズ	格闘アクション	SNK	ＭＶＳカートリッジ ：1991/02/25 | ＮＥＯＧＥＯ ＲＯＭ：1991/07/01	1991-02-25		
official_exact	kizuna-encounter-super-tag-battle-fu-un-super-tag-battle-kizuna	kizuna.zip	風雲スーパータッグバトル | Kizuna Encounter - Super Tag Battle / Fu'un Super Tag Battle	風雲スーパータッグバトル	格闘アクション	SNK	ＭＶＳカートリッジ ：1996/09/20 | ＮＥＯＧＥＯ ＲＯＭ：1996/11/08	1996-09-20		
official_exact	last-resort-lresort	lresort.zip	ラストリゾート | Last Resort	ラストリゾート	シューティング	SNK	ＭＶＳカートリッジ ：1992/03/23 | ＮＥＯＧＥＯ ＲＯＭ：1992/04/24 | ＮＥＯＧＥＯ ＣＤ　：1994/09/09	1992-03-23		
official_exact	league-bowling-lbowling	lbowling.zip	リーグボウリング | League Bowling	リーグボウリング	スポーツ	SNK	ＭＶＳカートリッジ ：1990/12/10 | ＮＥＯＧＥＯ ＲＯＭ：1991/07/01 | ＮＥＯＧＥＯ ＣＤ　：1994/09/09	1990-12-10		
official_exact	legend-of-success-joe-ashita-no-joe-densetsu-legendos	legendos.zip	あしたのジョー伝説 | Legend of Success Joe / Ashita no Joe Densetsu	あしたのジョー伝説	アクション	ウェイブ	ＭＶＳカートリッジ ：1991/07 | ＮＥＯＧＥＯ ＲＯＭ：1991/08/30	1991-07		
official_exact	magical-drop-ii-magdrop2	magdrop2.zip	マジカルドロップ2 | Magical Drop II	マジカルドロップ2	パズル	データイースト	ＭＶＳカートリッジ ：1996/03/21 | ＮＥＯＧＥＯ ＲＯＭ：1996/04/19 | ＮＥＯＧＥＯ ＣＤ　：1996/05/24	1996-03-21		
official_exact	magical-drop-iii-magdrop3	magdrop3.zip	マジカルドロップ3 | Magical Drop III	マジカルドロップ3	パズル	データイースト	ＭＶＳカートリッジ ：1997/02/25 | ＮＥＯＧＥＯ ＲＯＭ：1997/04/25	1997-02-25		
official_exact	magician-lord-maglord	maglord.zip	マジシャンロード | Magician Lord	マジシャンロード	アクション	ADK	ＭＶＳカートリッジ ：1990/04/26 | ＮＥＯＧＥＯ ＲＯＭ：1991/07/01 | ＮＥＯＧＥＯ ＣＤ　：1994/10/31	1990-04-26		
official_alias	mahjong-kyo-retsuden-mahretsu	mahretsu.zip	麻雀狂列伝 | Mahjong Kyo Retsuden | 麻雀狂列伝　－西日本編－	麻雀狂列伝　－西日本編－	麻雀	SNK	ＭＶＳカートリッジ ：1990/04/26 | ＮＥＯＧＥＯ ＲＯＭ：1991/07/01 | ＮＥＯＧＥＯ ＣＤ　：1994/09/09	1990-04-26		
official_alias	matrimelee-shin-gouketsuji-ichizoku-toukon-matrim	matrim.zip	新豪血寺一族 闘婚 | Matrimelee / Shin Gouketsuji Ichizoku Toukon | 新豪血寺一族 闘婚-Matrimelee-	新豪血寺一族 闘婚-Matrimelee-	格闘アクション	アトラス/ノイズファクトリー	ＭＶＳカートリッジ ：2003/03/20 | ＮＥＯＧＥＯ ＲＯＭ：2003/05/29	2003-03-20		
official_exact	metal-slug-2-super-vehicle-001-ii-mslug2	mslug2.zip	メタルスラッグ2 | Metal Slug 2 - Super Vehicle-001/II	メタルスラッグ2	アクション	SNK	ＭＶＳカートリッジ ：1998/02/23 | ＮＥＯＧＥＯ ＲＯＭ：1998/04/02 | ＮＥＯＧＥＯ ＣＤ　：1998/06/25	1998-02-23		
official_exact	metal-slug-3-mslug3	mslug3.zip	メタルスラッグ3 | Metal Slug 3	メタルスラッグ3	アクションシューティング	SNK	ＭＶＳカートリッジ ：2000/03/23 | ＮＥＯＧＥＯ ＲＯＭ：2000/06/01	2000-03-23		
official_exact	metal-slug-4-mslug4	mslug4.zip	メタルスラッグ4 | Metal Slug 4	メタルスラッグ4	アクションシューティング	SNKプレイモア	ＭＶＳカートリッジ ：2002/03/27 | ＮＥＯＧＥＯ ＲＯＭ：2002/06/13	2002-03-27		
official_exact	metal-slug-5-mslug5	mslug5.zip	メタルスラッグ5 | Metal Slug 5	メタルスラッグ5	アクションシューティング	SNKプレイモア	MV-0　　　　　　 ：2003/11/14 | ＮＥＯＧＥＯ ＲＯＭ：2004/02/19	2003-11-14		
official_exact	metal-slug-super-vehicle-001-mslug	mslug.zip	メタルスラッグ | Metal Slug - Super Vehicle-001	メタルスラッグ	アクション	ナスカ	ＭＶＳカートリッジ ：1996/04/19 | ＮＥＯＧＥＯ ＲＯＭ：1996/05/24 | ＮＥＯＧＥＯ ＣＤ　：1996/07/05	1996-04-19		
official_exact	metal-slug-x-super-vehicle-001-mslugx	mslugx.zip	メタルスラッグX | Metal Slug X - Super Vehicle-001	メタルスラッグX	アクション	SNK	ＭＶＳカートリッジ ：1999/03/19 | ＮＥＯＧＥＯ ＲＯＭ：1999/05/27	1999-03-19		
official_alias	minasan-no-okagesamadesu-dai-sugoroku-taikai-minasan	minasan.zip	みなさんのおかげさまです! 大スゴロク大会 | Minasan no Okagesamadesu! Dai Sugoroku Taikai | みなさんのおかげさまです	みなさんのおかげさまです	テーブル	モノリス	ＭＶＳカートリッジ ：1991/07/25 | ＮＥＯＧＥＯ ＲＯＭ：1991/07/21	1991-07-21		
official_exact	money-puzzle-exchanger-money-idol-exchanger-miexchng	miexchng.zip	マネーアイドルエクスチェンジャー | Money Puzzle Exchanger / Money Idol Exchanger	マネーアイドルエクスチェンジャー	パズル	フェイス	ＭＶＳカートリッジ ：1997/01/15	1997-01-15		
official_exact	mosyougi-mosyougi	mosyougi.zip	将棋の達人 | mosyougi	将棋の達人	将棋	ADK	ＭＶＳカートリッジ ：1995/09/28 | ＮＥＯＧＥＯ ＲＯＭ：1995/10/13 | ＮＥＯＧＥＯ ＣＤ　：1995/10/20	1995-09-28		
official_exact	mutation-nation-mutnat	mutnat.zip	ミューテイション・ネイション | Mutation Nation	ミューテイションネイション	アクション	SNK	ＭＶＳカートリッジ ：1992/03/16 | ＮＥＯＧＥＯ ＲＯＭ：1992/04/17 | ＮＥＯＧＥＯ ＣＤ　：1995/02/25	1992-03-16		
official_exact	nam-1975-nam1975	nam1975.zip	NAM-1975 | NAM-1975	NAM-1975	3Dアクション	SNK	ＭＶＳカートリッジ ：1990/04/26 | ＮＥＯＧＥＯ ＲＯＭ：1991/07/01 | ＮＥＯＧＥＯ ＣＤ　：1994/09/09	1990-04-26		
official_exact	neo-bomberman-neobombe	neobombe.zip	ネオ・ボンバーマン | Neo Bomberman	ネオ・ボンバーマン	アクション	ハドソン	ＭＶＳカートリッジ ：1997/05/01	1997-05-01		
official_alias	neo-drift-out-new-technology-neodrift	neodrift.zip	ネオドリフトアウト | Neo Drift Out - New Technology | NEOドリフトアウト	NEOドリフトアウト	レース	ビスコ	ＭＶＳカートリッジ ：1996/03/28 | ＮＥＯＧＥＯ ＣＤ　：1996/07/26	1996-03-28		
official_alias	neo-geo-cup-98-the-road-to-the-victory-neocup98	neocup98.zip	ネオジオカップ'98 | Neo-Geo Cup '98 - The Road to the Victory | ネオジオカップ'98 THE ROAD TO THE VICTORY	ネオジオカップ'98 THE ROAD TO THE VICTORY	スポーツ	SNK	ＭＶＳカートリッジ ：1998/05/28 | ＮＥＯＧＥＯ ＲＯＭ：1998/07/30	1998-05-28		
official_exact	neo-mr-do-neomrdo	neomrdo.zip	ネオMr.Do! | Neo Mr. Do!	NEO Mr.DO!	アクション	ビスコ	ＭＶＳカートリッジ ：1997/06/26	1997-06-26		
official_exact	neo-turf-masters-big-tournament-golf-turfmast	turfmast.zip	ビッグトーナメントゴルフ | Neo Turf Masters / Big Tournament Golf	ビッグトーナメント ゴルフ	スポーツ	ナスカ	ＭＶＳカートリッジ ：1996/01/29 | ＮＥＯＧＥＯ ＲＯＭ：1996/03/01 | ＮＥＯＧＥＯ ＣＤ　：1996/05/03	1996-01-29		
official_exact	nightmare-in-the-dark-nitd	nitd.zip	ナイトメア・イン・ザ・ダーク | Nightmare in the Dark	ナイトメアインザダーク	ホラーアクション	ガバキング	ＭＶＳカートリッジ ：2001	2001		
official_exact	ninja-combat-ncombat	ncombat.zip	ニンジャコンバット | Ninja Combat	ニンジャコンバット	アクション	ADK	ＭＶＳカートリッジ ：1990/07/24 | ＮＥＯＧＥＯ ＲＯＭ：1991/07/01 | ＮＥＯＧＥＯ ＣＤ　：1994/10/31	1990-07-24		
official_exact	ninja-commando-ncommand	ncommand.zip	ニンジャコマンドー | Ninja Commando	ニンジャコマンドー	シューティング	ADK	ＭＶＳカートリッジ ：1992/04/30 | ＮＥＯＧＥＯ ＲＯＭ：1992/05/29 | ＮＥＯＧＥＯ ＣＤ　：1994/10/31	1992-04-30		
official_alias	ninja-master-s-haoh-ninpo-cho-ninjamas	ninjamas.zip	ニンジャマスターズ 覇王忍法帖 | Ninja Master's - Haoh-ninpo-cho | NINJA MASTER'S ～霸王忍法帖～	NINJA MASTER'S ～霸王忍法帖～	格闘アクション	ADK	ＭＶＳカートリッジ ：1996/05/27 | ＮＥＯＧＥＯ ＲＯＭ：1996/06/28 | ＮＥＯＧＥＯ ＣＤ　：1996/09/27	1996-05-27		
official_exact	over-top-overtop	overtop.zip	オーバートップ | Over Top	オーバートップ	レース	ADK	ＭＶＳカートリッジ ：1996/04/26 | ＮＥＯＧＥＯ ＲＯＭ：1996/06/07 | ＮＥＯＧＥＯ ＣＤ　：1996/07/26	1996-04-26		
official_alias	panic-bomber-panicbom	panicbom.zip	ぱにっくボンバー | Panic Bomber | ボンバーマン　パニックボンバー	ボンバーマン　パニックボンバー	パズル	エイティング	ＭＶＳカートリッジ ：1995/01/18	1995-01-18		
official_alias	pleasure-goal-futsal-5-on-5-mini-soccer-pgoal	pgoal.zip	フットサル 5 ON 5 ミニサッカー | Pleasure Goal / Futsal - 5 on 5 Mini Soccer | FUTSAL 5 ON 5 MINI SOCCER	FUTSAL 5 ON 5 MINI SOCCER	スポーツ	ザウルス	ＮＥＯＧＥＯ ＣＤ　：1996/07/19	1996-07-19		
official_alias	pochi-and-nyaa-pnyaa	pnyaa.zip	ぽちとにゃ〜 | Pochi and Nyaa | ポチッとにゃ～	ポチッとにゃ～	パズル	アイキ	ＭＶＳカートリッジ ：2003/12/24	2003-12-24		
review_local_only	pop-n-bounce-gapporin-popbounc	popbounc.zip	ガッポリン | Pop 'n Bounce / Gapporin							
official_exact	power-spikes-ii-pspikes2	pspikes2.zip	パワースパイクスII | Power Spikes II	パワースパイクスII	スポーツ	ビデオシステム	ＭＶＳカートリッジ ：1994/10/19 | ＮＥＯＧＥＯ ＣＤ　：1995/03/18	1994-10-19		
official_exact	prehistoric-isle-2-preisle2	preisle2.zip	原始島2 | Prehistoric Isle 2	原始島2	シューティング	夢工房	ＭＶＳカートリッジ ：1999/09/27	1999-09-27		
official_exact	pulstar-pulstar	pulstar.zip	パルスター | Pulstar	パルスター	横スクロールシューティング	エイコム	ＭＶＳカートリッジ ：1995/08/28 | ＮＥＯＧＥＯ ＲＯＭ：1995/09/29 | ＮＥＯＧＥＯ ＣＤ　：1995/10/27	1995-08-28		
review_local_only	puzzle-bobble-2-bust-a-move-again-pbobbl2n	pbobbl2n.zip	パズルボブル2 | Puzzle Bobble 2 / Bust-A-Move Again						パズルボブル	0.909
official_exact	puzzle-de-pon-puzzledp	puzzledp.zip	パズルdeポン! | Puzzle De Pon!	パズルdeポン！	パズル	ビスコ	ＭＶＳカートリッジ ：1995/11/28	1995-11-28		
official_exact	puzzled-joy-joy-kid-joyjoy	joyjoy.zip	ジョイジョイキッド | Puzzled / Joy Joy Kid	ジョイジョイキッド	パズル	SNK	ＭＶＳカートリッジ ：1990/11/20 | ＮＥＯＧＥＯ ＲＯＭ：1991/07/01 | ＮＥＯＧＥＯ ＣＤ　：1994/09/09	1990-11-20		
official_alias	quiz-daisousa-sen-the-last-count-down-quizdais	quizdais.zip	クイズ大捜査線 | Quiz Daisousa Sen - The Last Count Down | クイズ大捜査線 THE LAST COUNT DOWN	クイズ大捜査線 THE LAST COUNT DOWN	クイズ	SNK	ＭＶＳカートリッジ ：1991/07 | ＮＥＯＧＥＯ ＲＯＭ：1991/08/30	1991-07		
official_exact	quiz-king-of-fighters-quizkof	quizkof.zip	クイズ キング・オブ・ファイターズ | Quiz King of Fighters	クイズ キング・オブ・ファイターズ	クイズ	ザウルス	ＭＶＳカートリッジ ：1995/02/01 | ＮＥＯＧＥＯ ＲＯＭ：1995/03/10 | ＮＥＯＧＥＯ ＣＤ　：1995/04/07	1995-02-01		
official_exact	quiz-meitantei-neo-and-geo-quiz-daisousa-sen-part-2-quizdai2	quizdai2.zip	クイズ迷探偵ネオ&ジオ クイズ大捜査線パート2 | Quiz Meitantei Neo & Geo - Quiz Daisousa Sen part 2	クイズ迷探偵ネオ&ジオ クイズ大捜査線パート2	クイズ	SNK	ＭＶＳカートリッジ ：1992/03 | ＮＥＯＧＥＯ ＲＯＭ：1991/04/24	1991-04-24		
official_exact	rage-of-the-dragons-rotd	rotd.zip	レイジ・オブ・ザ・ドラゴンズ | Rage of the Dragons	レイジ・オブ・ザ・ドラゴンズ	格闘アクション	エヴォガエンターテイメント	ＭＶＳカートリッジ ：2002/06/06 | ＮＥＯＧＥＯ ＲＯＭ：2002/09/26	2002-06-06		
official_alias	ragnagard-shin-oh-ken-ragnagrd	ragnagrd.zip	神凰拳 | Ragnagard / Shin-Oh-Ken | 神鳳拳	神鳳拳	格闘アクション	ザウルス	ＭＶＳカートリッジ ：1996/06/13 | ＮＥＯＧＥＯ ＲＯＭ：1996/07/26 | ＮＥＯＧＥＯ ＣＤ　：1996/08/23	1996-06-13		
official_alias	real-bout-fatal-fury-2-the-newcomers-real-bout-garou-densetsu-2-the-newcomers-rbff2	rbff2.zip	リアルバウト餓狼伝説2 | Real Bout Fatal Fury 2 - The Newcomers / Real Bout Garou Densetsu 2 - The Newcomers | リアルバウト餓狼伝説2　THE NEWCOMERS	リアルバウト餓狼伝説2　THE NEWCOMERS	格闘アクション	SNK	ＭＶＳカートリッジ ：1998/03/20 | ＮＥＯＧＥＯ ＲＯＭ：1998/04/29 | ＮＥＯＧＥＯ ＣＤ　：1998/07/23	1998-03-20		
official_exact	real-bout-fatal-fury-real-bout-garou-densetsu-rbff1	rbff1.zip	リアルバウト餓狼伝説 | Real Bout Fatal Fury / Real Bout Garou Densetsu	リアルバウト餓狼伝説	格闘アクション	SNK	ＭＶＳカートリッジ ：1995/12/21 | ＮＥＯＧＥＯ ＲＯＭ：1996/01/26 | ＮＥＯＧＥＯ ＣＤ　：1996/02/23	1995-12-21		
official_exact	real-bout-fatal-fury-special-real-bout-garou-densetsu-special-rbffspec	rbffspec.zip	リアルバウト餓狼伝説スペシャル | Real Bout Fatal Fury Special / Real Bout Garou Densetsu Special	リアルバウト餓狼伝説スペシャル	格闘アクション	SNK	ＭＶＳカートリッジ ：1997/01/28 | ＮＥＯＧＥＯ ＲＯＭ：1997/02/28 | ＮＥＯＧＥＯ ＣＤ　：1997/03/03	1997-01-28		
official_exact	riding-hero-ridhero	ridhero.zip	ライディングヒーロー | Riding Hero	ライディングヒーロー	3Dレース	SNK	ＭＶＳカートリッジ ：1990/07/24 | ＮＥＯＧＥＯ ＲＯＭ：1991/07/01 | ＮＥＯＧＥＯ ＣＤ　：1995/05/26	1990-07-24		
official_exact	robo-army-roboarmy	roboarmy.zip	ロボアーミー | Robo Army	ロボアーミー	アクション	SNK	ＭＶＳカートリッジ ：1991/10/30 | ＮＥＯＧＥＯ ＲＯＭ：1991/12/20 | ＮＥＯＧＥＯ ＣＤ　：1995/04/21	1991-10-30		
official_alias	samurai-shodown-ii-shin-samurai-spirits-haohmaru-jigokuhen-samsho2	samsho2.zip	真サムライスピリッツ 覇王丸地獄変 | Samurai Shodown II / Shin Samurai Spirits - Haohmaru Jigokuhen | 真サムライスピリッツ	真サムライスピリッツ	格闘アクション	SNK	ＭＶＳカートリッジ ：1994/10/28 | ＮＥＯＧＥＯ ＲＯＭ：1994/12/02 | ＮＥＯＧＥＯ ＣＤ　：1994/12/15	1994-10-28		
official_exact	samurai-shodown-iii-samurai-spirits-zankurou-musouken-samsho3	samsho3.zip	サムライスピリッツ 斬紅郎無双剣 | Samurai Shodown III / Samurai Spirits - Zankurou Musouken	サムライスピリッツ斬紅郎無双剣	格闘アクション	SNK	ＭＶＳカートリッジ ：1995/11/15 | ＮＥＯＧＥＯ ＲＯＭ：1995/12/01 | ＮＥＯＧＥＯ ＣＤ　：1995/12/29	1995-11-15		
official_exact	samurai-shodown-iv-amakusa-s-revenge-samurai-spirits-amakusa-kourin-samsho4	samsho4.zip	サムライスピリッツ 天草降臨 | Samurai Shodown IV - Amakusa's Revenge / Samurai Spirits - Amakusa Kourin	サムライスピリッツ天草降臨	格闘アクション	SNK	ＭＶＳカートリッジ ：1996/10/25 | ＮＥＯＧＥＯ ＲＯＭ：1996/11/29 | ＮＥＯＧＥＯ ＣＤ　：1996/12/27	1996-10-25		
official_exact	samurai-shodown-samurai-spirits-samsho	samsho.zip	サムライスピリッツ | Samurai Shodown / Samurai Spirits	サムライスピリッツ	格闘アクション	SNK	ＭＶＳカートリッジ ：1993/07/07 | ＮＥＯＧＥＯ ＲＯＭ：1993/08/11 | ＮＥＯＧＥＯ ＣＤ　：1994/09/09	1993-07-07		
official_exact	samurai-shodown-v-samurai-spirits-zero-samsho5	samsho5.zip	サムライスピリッツ零 | Samurai Shodown V / Samurai Spirits Zero	サムライスピリッツ零	格闘アクション	SNKプレイモア/悠紀エンタープライズ	ＭＶＳカートリッジ ：2003/10/10 | ＮＥＯＧＥＯ ＲＯＭ：2003/12/11	2003-10-10		
official_exact	samurai-shodown-v-special-samurai-spirits-zero-special-samsh5sp	samsh5sp.zip	サムライスピリッツ零スペシャル | Samurai Shodown V Special / Samurai Spirits Zero Special	サムライスピリッツ零スペシャル	格闘アクション	SNKプレイモア/悠紀エンタープライズ	ＭＶＳカートリッジ ：2004/04/22 | ＮＥＯＧＥＯ ＲＯＭ：2004/07/15	2004-04-22		
official_alias	savage-reign-fu-un-mokushiroku-kakutou-sousei-savagere	savagere.zip	風雲黙示録 | Savage Reign / Fu'un Mokushiroku - Kakutou Sousei | 風雲黙示録 －格闘創世－	風雲黙示録 －格闘創世－	格闘アクション	SNK	ＭＶＳカートリッジ ：1995/04/25 | ＮＥＯＧＥＯ ＲＯＭ：1995/03/10 | ＮＥＯＧＥＯ ＣＤ　：1995/06/16	1995-03-10		
official_exact	sengoku-2-sengoku-denshou-2-sengoku2	sengoku2.zip	戦国伝承2 | Sengoku 2 / Sengoku Denshou 2	戦国伝承2	アクション	SNK	ＭＶＳカートリッジ ：1993/02/18 | ＮＥＯＧＥＯ ＲＯＭ：1993/04/09 | ＮＥＯＧＥＯ ＣＤ　：1995/03/17	1993-02-18		
official_exact	sengoku-3-sengoku-densho-2001-sengoku3	sengoku3.zip	戦国伝承2001 | Sengoku 3 / Sengoku Densho 2001	戦国伝承2001	アクション	SNKプレイモア	ＭＶＳカートリッジ ：2001/07/18 | ＮＥＯＧＥＯ ＲＯＭ：2001/10/25	2001-07-18		
official_exact	sengoku-sengoku-denshou-sengoku	sengoku.zip	戦国伝承 | Sengoku / Sengoku Denshou	戦国伝承	アクション	SNK	ＭＶＳカートリッジ ：1991/02/12 | ＮＥＯＧＥＯ ＲＯＭ：1991/07/01 | ＮＥＯＧＥＯ ＣＤ　：1995/03/17	1991-02-12		
official_exact	shock-troopers-2nd-squad-shocktr2	shocktr2.zip	ショックトルーパーズ セカンドスカッド | Shock Troopers - 2nd Squad	ショックトルーパーズ　セカンドスカッド	アクションシューティング	ザウルス	ＭＶＳカートリッジ ：1998/11/06 | ＮＥＯＧＥＯ ＲＯＭ：1999/06/24	1998-11-06		
official_exact	shock-troopers-shocktro	shocktro.zip	ショックトルーパーズ | Shock Troopers	ショックトルーパーズ	シューティング	ザウルス	ＭＶＳカートリッジ ：1997/11/11	1997-11-11		
official_exact	snk-vs-capcom-svc-chaos-svc	svc.zip	SNK VS. CAPCOM SVC CHAOS | SNK vs. Capcom - SVC Chaos	SNK VS. CAPCOM SVC CHAOS	格闘アクション	SNKプレイモア	MV-0　　　　　　 ：2003/07/24 | ＮＥＯＧＥＯ ＲＯＭ：2003/11/13	2003-07-24		
official_exact	soccer-brawl-socbrawl	socbrawl.zip	サッカーブロール | Soccer Brawl	サッカーブロール	スポーツ	SNK	ＭＶＳカートリッジ ：1992/02/14 | ＮＥＯＧＥＯ ＲＯＭ：1992/03/13 | ＮＥＯＧＥＯ ＣＤ　：1995/03/31	1992-02-14		
official_exact	spin-master-miracle-adventure-spinmast	spinmast.zip	ミラクルアドベンチャー | Spin Master / Miracle Adventure	ミラクルアドベンチャー	横スクロールアクション	データイースト	ＭＶＳカートリッジ ：1993/12/16 | ＮＥＯＧＥＯ ＲＯＭ：1994/02/18	1993-12-16		
official_exact	stakes-winner-2-stakwin2	stakwin2.zip	ステークスウィナー2 | Stakes Winner 2	ステークスウィナー2	リアルジョッキーアクション	ザウルス	ＭＶＳカートリッジ ：1996/09/24 | ＮＥＯＧＥＯ ＲＯＭ：1996/12/13	1996-09-24		
official_exact	stakes-winner-stakes-winner-gi-kinzen-seiha-e-no-michi-stakwin	stakwin.zip	ステークスウィナー | Stakes Winner / Stakes Winner - GI Kinzen Seiha e no Michi	ステークスウィナー	アクション	ザウルス	ＭＶＳカートリッジ ：1995/09/27 | ＮＥＯＧＥＯ ＲＯＭ：1995/10/27 | ＮＥＯＧＥＯ ＣＤ　：1996/03/22	1995-09-27		
official_exact	street-hoop-street-slam-dunk-dream-strhoop	strhoop.zip	ダンクドリーム | Street Hoop / Street Slam / Dunk Dream	ダンクドリーム	スポーツ	データイースト	ＭＶＳカートリッジ ：1994/12/08 | ＮＥＯＧＥＯ ＲＯＭ：1994/12/09 | ＮＥＯＧＥＯ ＣＤ　：1995/01/20	1994-12-08		
official_exact	strikers-1945-plus-s1945p	s1945p.zip	ストライカーズ1945 PLUS | Strikers 1945 Plus	STRIKERS 1945 PLUS	シューティング	彩京	ＭＶＳカートリッジ ：1999/12/24	1999-12-24		
review_local_only	super-dodge-ball-kunio-no-nekketsu-toukyuu-densetsu-sdodgeb	sdodgeb.zip	くにおの熱血闘球伝説 | Super Dodge Ball / Kunio no Nekketsu Toukyuu Densetsu							
official_exact	super-sidekicks-2-the-world-championship-tokuten-ou-2-real-fight-football-ssideki2	ssideki2.zip	得点王2 | Super Sidekicks 2 - The World Championship / Tokuten Ou 2 - Real Fight Football	得点王2	スポーツ	SNK	ＭＶＳカートリッジ ：1994/04/19 | ＮＥＯＧＥＯ ＲＯＭ：1994/05/27 | ＮＥＯＧＥＯ ＣＤ　：1994/09/09	1994-04-19		
official_exact	super-sidekicks-3-the-next-glory-tokuten-ou-3-eikou-e-no-chousen-ssideki3	ssideki3.zip	得点王3 | Super Sidekicks 3 - The Next Glory / Tokuten Ou 3 - Eikou e no Chousen	得点王3	スポーツ	SNK	ＭＶＳカートリッジ ：1995/03/07 | ＮＥＯＧＥＯ ＲＯＭ：1995/04/07 | ＮＥＯＧＥＯ ＣＤ　：1995/06/23	1995-03-07		
official_exact	super-sidekicks-tokuten-ou-ssideki	ssideki.zip	得点王 | Super Sidekicks / Tokuten Ou	得点王	スポーツ	SNK	ＭＶＳカートリッジ ：1992/12/14 | ＮＥＯＧＥＯ ＲＯＭ：1993/02/19 | ＮＥＯＧＥＯ ＣＤ　：1995/03/31	1992-12-14		
official_exact	the-king-of-fighters-2000-kof2000	kof2000.zip	ザ・キング・オブ・ファイターズ2000 | The King of Fighters 2000	ザ・キング・オブ・ファイターズ2000	格闘アクション	SNK	ＭＶＳカートリッジ ：2000/07/26 | ＮＥＯＧＥＯ ＲＯＭ：2000/12/21	2000-07-26		
official_exact	the-king-of-fighters-2001-kof2001	kof2001.zip	ザ・キング・オブ・ファイターズ2001 | The King of Fighters 2001	ザ・キング・オブ・ファイターズ2001	格闘アクション	SNKプレイモア	ＭＶＳカートリッジ ：2001/11/15 | ＮＥＯＧＥＯ ＲＯＭ：2002/03/14	2001-11-15		
official_exact	the-king-of-fighters-2002-kof2002	kof2002.zip	ザ・キング・オブ・ファイターズ2002 | The King of Fighters 2002	ザ・キング・オブ・ファイターズ2002	格闘アクション	SNKプレイモア	ＭＶＳカートリッジ ：2002/10/10 | ＮＥＯＧＥＯ ＲＯＭ：2002/12/19	2002-10-10		
official_exact	the-king-of-fighters-2003-kof2003	kof2003.zip	ザ・キング・オブ・ファイターズ2003 | The King of Fighters 2003	ザ・キング・オブ・ファイターズ2003	格闘アクション	SNKプレイモア	MV-0　　　　　　 ：2003/12/12 | ＮＥＯＧＥＯ ＲＯＭ：2004/03/18	2003-12-12		
official_exact	the-king-of-fighters-94-kof94	kof94.zip	ザ・キング・オブ・ファイターズ'94 | The King of Fighters '94	ザ・キング・オブ・ファイターズ'94	格闘アクション	SNK	ＭＶＳカートリッジ ：1994/08/25 | ＮＥＯＧＥＯ ＲＯＭ：1994/10/01 | ＮＥＯＧＥＯ ＣＤ　：1994/11/02	1994-08-25		
official_exact	the-king-of-fighters-95-kof95	kof95.zip	ザ・キング・オブ・ファイターズ'95 | The King of Fighters '95	ザ・キング・オブ・ファイターズ'95	格闘アクション	SNK	ＭＶＳカートリッジ ：1995/07/25 | ＮＥＯＧＥＯ ＲＯＭ：1995/09/01 | ＮＥＯＧＥＯ ＣＤ　：1995/09/29	1995-07-25		
official_exact	the-king-of-fighters-96-kof96	kof96.zip	ザ・キング・オブ・ファイターズ'96 | The King of Fighters '96	ザ・キング・オブ・ファイターズ'96	格闘アクション	SNK	ＭＶＳカートリッジ ：1996/07/30 | ＮＥＯＧＥＯ ＲＯＭ：1996/09/27 | ＮＥＯＧＥＯ ＣＤ　：1996/10/25	1996-07-30		
official_exact	the-king-of-fighters-97-kof97	kof97.zip	ザ・キング・オブ・ファイターズ'97 | The King of Fighters '97	ザ・キング・オブ・ファイターズ'97	格闘アクション	SNK	ＭＶＳカートリッジ ：1997/07/28 | ＮＥＯＧＥＯ ＲＯＭ：1997/09/25 | ＮＥＯＧＥＯ ＣＤ　：1997/10/30	1997-07-28		
official_exact	the-king-of-fighters-98-the-slugfest-king-of-fighters-98-dream-match-never-ends-kof98	kof98.zip	ザ・キング・オブ・ファイターズ'98 | The King of Fighters '98 - The Slugfest / King of Fighters '98 - Dream Match Never Ends	ザ・キング・オブ・ファイターズ'98	格闘アクション	SNK	ＭＶＳカートリッジ ：1998/07/23 | ＮＥＯＧＥＯ ＲＯＭ：1998/09/23 | ＮＥＯＧＥＯ ＣＤ　：1998/12/23	1998-07-23		
official_exact	the-king-of-fighters-99-millennium-battle-kof99	kof99.zip	ザ・キング・オブ・ファイターズ'99 | The King of Fighters '99 - Millennium Battle	ザ・キング・オブ・ファイターズ'99	格闘アクション	SNK	ＭＶＳカートリッジ ：1999/07/22 | ＮＥＯＧＥＯ ＲＯＭ：1999/09/23 | ＮＥＯＧＥＯ ＣＤ　：1999/12/02	1999-07-22		
official_alias	the-last-blade-2-bakumatsu-roman-dai-ni-maku-gekka-no-kenshi-lastbld2	lastbld2.zip	幕末浪漫第二幕 月華の剣士 | The Last Blade 2 / Bakumatsu Roman - Dai Ni Maku Gekka no Kenshi | 幕末浪漫第二幕　月華の剣士 ～月に咲く華、散りゆく花～	幕末浪漫第二幕　月華の剣士 ～月に咲く華、散りゆく花～	格闘アクション	SNK	ＭＶＳカートリッジ ：1998/11/25 | ＮＥＯＧＥＯ ＲＯＭ：1999/01/28 | ＮＥＯＧＥＯ ＣＤ　：1999/02/27	1998-11-25		
official_exact	the-last-blade-bakumatsu-roman-gekka-no-kenshi-lastblad	lastblad.zip	幕末浪漫 月華の剣士 | The Last Blade / Bakumatsu Roman - Gekka no Kenshi	～幕末浪漫～ 月華の剣士	格闘アクション	SNK	ＭＶＳカートリッジ ：1997/12/05 | ＮＥＯＧＥＯ ＲＯＭ：1998/01/29 | ＮＥＯＧＥＯ ＣＤ　：1998/03/26	1997-12-05		
official_exact	the-super-spy-superspy	superspy.zip	ザ・スーパースパイ | The Super Spy	ザ・スーパースパイ	3Dアクション	SNK	ＭＶＳカートリッジ ：1990/10/08 | ＮＥＯＧＥＯ ＲＯＭ：1991/07/01 | ＮＥＯＧＥＯ ＣＤ　：1994/09/09	1990-10-08		
official_exact	the-ultimate-11-the-snk-football-championship-tokuten-ou-honoo-no-libero-ssideki4	ssideki4.zip	得点王 炎のリベロ | The Ultimate 11 - The SNK Football Championship / Tokuten Ou - Honoo no Libero	得点王 炎のリベロ	スポーツ	SNK	ＭＶＳカートリッジ ：1996/10/16 | ＮＥＯＧＥＯ ＲＯＭ：1996/12/20	1996-10-16		
official_exact	thrash-rally-trally	trally.zip	スラッシュラリー | Thrash Rally	スラッシュラリー	レース	ADK	ＮＥＯＧＥＯ ＲＯＭ：1991/12/20	1991-12-20		
official_exact	top-hunter-roddy-and-cathy-tophuntr	tophuntr.zip	トップハンター | Top Hunter - Roddy & Cathy	トップハンター	アクション	SNK	ＭＶＳカートリッジ ：1994/05/18 | ＮＥＯＧＥＯ ＲＯＭ：1994/06/24 | ＮＥＯＧＥＯ ＣＤ　：1994/09/29	1994-05-18		
official_exact	top-player-s-golf-tpgolf	tpgolf.zip	トッププレイヤーズゴルフ | Top Player's Golf	トッププレイヤーズゴルフ	スポーツ	SNK	ＭＶＳカートリッジ ：1990/05/23 | ＮＥＯＧＥＯ ＲＯＭ：1991/07/01 | ＮＥＯＧＥＯ ＣＤ　：1994/09/09	1990-05-23		
official_exact	twinkle-star-sprites-twinspri	twinspri.zip	ティンクルスタースプライツ | Twinkle Star Sprites	ティンクルスター スプライツ	シューティング	ADK	ＭＶＳカートリッジ ：1996/11/25 | ＮＥＯＧＥＯ ＲＯＭ：1997/01/31 | ＮＥＯＧＥＯ ＣＤ　：1997/02/21	1996-11-25		
review_local_only	v-liner-vliner	vliner.zip	V-Liner							
official_exact	viewpoint-viewpoin	viewpoin.zip	ビューポイント | Viewpoint	ビューポイント	シューティング	サミー工業	ＭＶＳカートリッジ ：1992/11/20 | ＮＥＯＧＥＯ ＲＯＭ：1992/12/11 | ＮＥＯＧＥＯ ＣＤ　：1995/02/25	1992-11-20		
official_exact	voltage-fighter-gowcaizer-choujin-gakuen-gowcaizer-gowcaizr	gowcaizr.zip	超人学園ゴウカイザー | Voltage Fighter - Gowcaizer / Choujin Gakuen Gowcaizer	超人学園ゴウカイザー	格闘アクション	テクノスジャパン	ＭＶＳカートリッジ ：1995/09/18 | ＮＥＯＧＥＯ ＲＯＭ：1995/10/20 | ＮＥＯＧＥＯ ＣＤ　：1995/11/24	1995-09-18		
official_exact	waku-waku-7-wakuwak7	wakuwak7.zip	わくわく7 | Waku Waku 7	わくわく7	格闘アクション	サンソフト	ＭＶＳカートリッジ ：1996/11/21 | ＮＥＯＧＥＯ ＲＯＭ：1996/12/27	1996-11-21		
official_exact	windjammers-flying-power-disc-wjammers	wjammers.zip	フライングパワーディスク | Windjammers / Flying Power Disc	フライングパワーディスク	スポーツ	データイースト	ＭＶＳカートリッジ ：1994/02/17 | ＮＥＯＧＥＯ ＲＯＭ：1994/04/08 | ＮＥＯＧＥＯ ＣＤ　：1995/01/20	1994-02-17		
official_exact	world-heroes-2-jet-wh2j	wh2j.zip	ワールドヒーローズ2JET | World Heroes 2 Jet	ワールドヒーローズ2JET	格闘アクション	ADK	ＭＶＳカートリッジ ：1994/04/26 | ＮＥＯＧＥＯ ＲＯＭ：1994/06/10 | ＮＥＯＧＥＯ ＣＤ　：1994/11/11	1994-04-26		
official_exact	world-heroes-2-wh2	wh2.zip	ワールドヒーローズ2 | World Heroes 2	ワールドヒーローズ2	格闘アクション	ADK	ＭＶＳカートリッジ ：1993/04/26 | ＮＥＯＧＥＯ ＲＯＭ：1993/06/04 | ＮＥＯＧＥＯ ＣＤ　：1995/04/14	1993-04-26		
official_exact	world-heroes-perfect-whp	whp.zip	ワールドヒーローズパーフェクト | World Heroes Perfect	ワールドヒーローズパーフェクト	格闘アクション	ADK	ＭＶＳカートリッジ ：1995/05/25 | ＮＥＯＧＥＯ ＲＯＭ：1995/06/30 | ＮＥＯＧＥＯ ＣＤ　：1995/07/21	1995-05-25		
official_exact	world-heroes-wh1	wh1.zip	ワールドヒーローズ | World Heroes	ワールドヒーローズ	格闘アクション	ADK	ＭＶＳカートリッジ ：1992/07/28 | ＮＥＯＧＥＯ ＲＯＭ：1992/09/11 | ＮＥＯＧＥＯ ＣＤ　：1995/03/17	1992-07-28		
official_exact	zed-blade-operation-ragnarok-zedblade	zedblade.zip	作戦名ラグナロク | Zed Blade / Operation Ragnarok	作戦名ラグナロク	シューティング	NMK	ＭＶＳカートリッジ ：1994/09/13	1994-09-13		
official_alias	zintrick-oshidashi-zentrix-zintrckb	zintrckb.zip	Zintrick / Oshidashi Zentrix | 押し出しジントリック	押し出しジントリック	パズル	ADK	ＮＥＯＧＥＯ ＣＤ　：1996/03/22	1996-03-22		
official_exact	zupapa-zupapa	zupapa.zip	ズパパ! | Zupapa!	ズパパ！	コミカルアクション	ビデオシステム	ＭＶＳカートリッジ ：2001	2001		
review_official_only				ラリーチェイス	レース	ADK	ＭＶＳカートリッジ ：1991/11/08 | ＮＥＯＧＥＯ ＲＯＭ：1991/12/20 | ＮＥＯＧＥＯ ＣＤ　：1994/10/31	1991-11-08		
review_official_only				アンドロデュノス	シューティング	ビスコ	ＭＶＳカートリッジ ：1992/06/15 | ＮＥＯＧＥＯ ＲＯＭ：1992/07/17	1992-06-15		
review_official_only				パズルボブル	パズル	タイトー	ＭＶＳカートリッジ ：1994/12/21 | ＮＥＯＧＥＯ ＣＤ　：1995/05/02	1994-12-21		
review_official_only				スーパーバレー'94	スポーツ	TAITO	ＭＶＳカートリッジ ：1994	1994		
review_official_only				クロススウォードII	アクション	ADK	ＮＥＯＧＥＯ ＣＤ　：1995/05/02	1995-05-02		
review_official_only				アイドル麻雀ファイナルロマンス2	麻雀	ビデオシステム	ＮＥＯＧＥＯ ＣＤ　：1995/08/25	1995-08-25		
review_official_only				ADKワールド	バラエティ	ADK	ＮＥＯＧＥＯ ＣＤ　：1995/11/10	1995-11-10		
review_official_only				NEO・GEO CD SPECIAL	バラエティ	SNK	ＮＥＯＧＥＯ ＣＤ　：1995/12/22	1995-12-22		
review_official_only				超鉄ブリキンガー	シューティング	ザウルス	ＮＥＯＧＥＯ ＣＤ　：1996/09/20	1996-09-20		
review_official_only				ザ・キング・オブ・ファイターズ'96 ネオジオコレクション	バラエティ	SNK	ＮＥＯＧＥＯ ＣＤ　：1997/02/14	1997-02-14		
review_official_only				真説サムライスピリッツ武士道烈伝	ロールプレイング	SNK	ＮＥＯＧＥＯ ＣＤ　：1997/06/27	1997-06-27		
review_official_only				ウッチャンナンチャンの炎のチャレンジャーウルトラ電流イライラ棒	アクション	ザウルス	ＭＶＳカートリッジ ：1997/08/25	1997-08-25		
