rom,official_title
aodk.zip,痛快ガンガン行進曲
aof3.zip,ART OF FIGHTING 龍虎の拳 外伝
crsword.zip,クロススウォード
fatfury3.zip,餓狼伝説3 －遙かなる闘い－
fightfev.zip,ファイトフィーバー
flipshot.zip,フリップショット
lastbld2.zip,幕末浪漫第二幕 月華の剣士 ～月に咲く華、散りゆく花～
mahretsu.zip,麻雀狂列伝 －西日本編－
marukodq.zip,まる子デラックスクイズ
matrim.zip,新豪血寺一族 闘婚-Matrimelee-
minasan.zip,みなさんのおかげさまです
neodrift.zip,NEOドリフトアウト
neocup98.zip,ネオジオカップ'98 THE ROAD TO THE VICTORY
ninjamas.zip,NINJA MASTER'S ～霸王忍法帖～
panicbom.zip,ボンバーマン パニックボンバー
pgoal.zip,FUTSAL 5 ON 5 MINI SOCCER
pnyaa.zip,ポチッとにゃ～
quizdais.zip,クイズ大捜査線 THE LAST COUNT DOWN
ragnagrd.zip,神鳳拳
rbff2.zip,リアルバウト餓狼伝説2 THE NEWCOMERS
samsho2.zip,真サムライスピリッツ
savagere.zip,風雲黙示録 －格闘創世－
zintrckb.zip,押し出しジントリック
